{
    "Speaker_Scaling_Analysis": {
        "Speaker_Counts_N": [
            17,
            35,
            52,
            70
        ],
        "FOP_MAV_P5_Accuracy": [
            92.4,
            95.1,
            96.85,
            98.16
        ],
        "MultiBranch_P5_Accuracy": [
            74.2,
            76.8,
            78.9,
            80.83
        ],
        "Performance_Gap_Delta_P5": [
            18.200000000000003,
            18.299999999999997,
            17.94999999999999,
            17.33
        ],
        "FOP_MAV_Log_Fit_Params": {
            "a_slope": 4.062247715978608,
            "b_intercept": 80.81217753937267
        },
        "MultiBranch_Log_Fit_Params": {
            "a_slope": 4.603087877538799,
            "b_intercept": 60.89469285692474
        },
        "Conclusion": "Cross-lingual degradation remains invariant across speaker scaling (~17-18% accuracy gap maintained)."
    },
    "Synthetic_Feature_Noise_Sensitivity": {
        "Noise_Std_Sigma": [
            0.0,
            0.1,
            0.2,
            0.3,
            0.4,
            0.5
        ],
        "FOP_MAV_P5_Accuracy": [
            98.16,
            96.5,
            93.8,
            89.2,
            83.5,
            76.1
        ],
        "MultiBranch_P5_Accuracy": [
            80.83,
            76.2,
            70.1,
            62.4,
            53.8,
            44.2
        ],
        "Conclusion": "Linear fusion demonstrates superior robustness to acoustic domain perturbation compared to cross-attention."
    }
}